,news_title,news_link,news_time
0,Is This Another 2008? Hereâ€™s the Surprising Answer,https://www.nasdaq.com/articles/is-this-another-2008-heres-the-surprising-answer-2019-10-24,2019-10-24
1,LXP Crosses Above Average Analyst Target,https://www.nasdaq.com/articles/lxp-crosses-above-average-analyst-target-2019-10-24,2019-10-24
2,AMTD Crosses Above Average Analyst Target,https://www.nasdaq.com/articles/amtd-crosses-above-average-analyst-target-2019-10-24,2019-10-24
3,PDD Crosses Above Average Analyst Target,https://www.nasdaq.com/articles/pdd-crosses-above-average-analyst-target-2019-10-24,2019-10-24
4,SEDG Crosses Above Average Analyst Target,https://www.nasdaq.com/articles/sedg-crosses-above-average-analyst-target-2019-10-24,2019-10-24
5,Is Skechers (SKX) Stock Undervalued Right Now?,https://www.nasdaq.com/articles/is-skechers-skx-stock-undervalued-right-now-2019-10-24,2019-10-24
6,Is TiVo (TIVO) a Great Value Stock Right Now?,https://www.nasdaq.com/articles/is-tivo-tivo-a-great-value-stock-right-now-2019-10-24,2019-10-24
7,Is Balfour Beatty PLC (BAFYY) a Great Value Stock Right Now?,https://www.nasdaq.com/articles/is-balfour-beatty-plc-bafyy-a-great-value-stock-right-now-2019-10-24,2019-10-24
8,Is Anixter International (AXE) a Great Value Stock Right Now?,https://www.nasdaq.com/articles/is-anixter-international-axe-a-great-value-stock-right-now-2019-10-24,2019-10-24
9,Is Braemar Hotels & Resorts (BHR) a Great Value Stock Right Now?,https://www.nasdaq.com/articles/is-braemar-hotels-resorts-bhr-a-great-value-stock-right-now-2019-10-24,2019-10-24
