,news_title,news_link,news_time
0,"Weekly Preview: Earnings to Watch This Week (BABA, CSCO, NVDA, WMT)",https://www.nasdaq.com/articles/weekly-preview%3A-earnings-to-watch-this-week-baba-csco-nvda-wmt-2021-11-14,2021-11-14
1,Where Does UiPath Stand Amid Strong Demand Growth in Automation?,https://www.nasdaq.com/articles/where-does-uipath-stand-amid-strong-demand-growth-in-automation-2021-11-14,2021-11-14
2,"Alibaba Stock: High Risk, Higher Reward?",https://www.nasdaq.com/articles/alibaba-stock%3A-high-risk-higher-reward-2021-11-14,2021-11-14
3,What Can Website Traffic Reveal About the Chinese E-commerce Industry?,https://www.nasdaq.com/articles/what-can-website-traffic-reveal-about-the-chinese-e-commerce-industry-2021-11-14,2021-11-14
4,Apple: Business Essentials Offering Could Be a Huge Deal,https://www.nasdaq.com/articles/apple%3A-business-essentials-offering-could-be-a-huge-deal-2021-11-14,2021-11-14
5,Hot Stocks To Buy Now? 4 Health Care Stocks To Know,https://www.nasdaq.com/articles/hot-stocks-to-buy-now-4-health-care-stocks-to-know-2021-11-13,2021-11-13
6,Beware Elon Musk,https://www.nasdaq.com/articles/beware-elon-musk-2021-11-12,2021-11-12
7,RBLX Stock: Everything You Need to Know About Roblox This Week as Shares Surge,https://www.nasdaq.com/articles/rblx-stock%3A-everything-you-need-to-know-about-roblox-this-week-as-shares-surge-2021-11-12,2021-11-12
8,360 DigiTech Breaks Above 200-Day Moving Average - Bullish for QFIN,https://www.nasdaq.com/articles/360-digitech-breaks-above-200-day-moving-average-bullish-for-qfin-2021-11-12,2021-11-12
9,Bullish Two Hundred Day Moving Average Cross - ACB,https://www.nasdaq.com/articles/bullish-two-hundred-day-moving-average-cross-acb-2021-11-12,2021-11-12
10,"Speculate With Shiba Inu, but Don’t Bet the Farm",https://www.nasdaq.com/articles/speculate-with-shiba-inu-but-dont-bet-the-farm-2021-11-12,2021-11-12
11,Algorand Sees Itself as the “Future of Finance” as DeFi Becomes Bigger,https://www.nasdaq.com/articles/algorand-sees-itself-as-the-future-of-finance-as-defi-becomes-bigger-2021-11-12,2021-11-12
12,5 Stocks Insiders Are Still Buying (Even As Others Cash Out),https://www.nasdaq.com/articles/5-stocks-insiders-are-still-buying-even-as-others-cash-out-2021-11-12,2021-11-12
13,5 Top Renewable Energy Stocks For Your November 2021 Watchlist,https://www.nasdaq.com/articles/5-top-renewable-energy-stocks-for-your-november-2021-watchlist-2021-11-12,2021-11-12
14,Industrial Logistics Properties Trust Becomes Oversold (ILPT),https://www.nasdaq.com/articles/industrial-logistics-properties-trust-becomes-oversold-ilpt-2021-11-12,2021-11-12
15,Bullish Two Hundred Day Moving Average Cross - MGA,https://www.nasdaq.com/articles/bullish-two-hundred-day-moving-average-cross-mga-2021-11-12,2021-11-12
16,Notable Two Hundred Day Moving Average Cross - EFC,https://www.nasdaq.com/articles/notable-two-hundred-day-moving-average-cross-efc-2021-11-12,2021-11-12
17,Mueller Water Products Breaks Below 200-Day Moving Average - Notable for MWA,https://www.nasdaq.com/articles/mueller-water-products-breaks-below-200-day-moving-average-notable-for-mwa-2021-11-12,2021-11-12
18,Sumitomo Mitsui Financial Group (SMFG) Shares Cross Above 200 DMA,https://www.nasdaq.com/articles/sumitomo-mitsui-financial-group-smfg-shares-cross-above-200-dma-2021-11-12,2021-11-12
19,Invest in a New Era of Convenience With the ProShares On-Demand ETF,https://www.nasdaq.com/articles/invest-in-a-new-era-of-convenience-with-the-proshares-on-demand-etf-2021-11-12,2021-11-12
20,Stock Market Today: Nasdaq Outperforms as Mega-Cap Tech Stocks Soar,https://www.nasdaq.com/articles/stock-market-today%3A-nasdaq-outperforms-as-mega-cap-tech-stocks-soar-2021-11-12,2021-11-12
21,FirstCash is Oversold,https://www.nasdaq.com/articles/firstcash-is-oversold-2021-11-12,2021-11-12
22,SH Crowded With Sellers,https://www.nasdaq.com/articles/sh-crowded-with-sellers-2021-11-12,2021-11-12
23,SWK Makes Bullish Cross Above Critical Moving Average,https://www.nasdaq.com/articles/swk-makes-bullish-cross-above-critical-moving-average-2021-11-12,2021-11-12
24,"Noteworthy Friday Option Activity: LZ, FSLY, TWLO",https://www.nasdaq.com/articles/noteworthy-friday-option-activity%3A-lz-fsly-twlo-2021-11-12,2021-11-12
25,"Notable Friday Option Activity: APLS, ATOM, AZO",https://www.nasdaq.com/articles/notable-friday-option-activity%3A-apls-atom-azo-2021-11-12,2021-11-12
26,"Notable Friday Option Activity: QDEL, DOCU, GRWG",https://www.nasdaq.com/articles/notable-friday-option-activity%3A-qdel-docu-grwg-2021-11-12,2021-11-12
27,"Noteworthy Friday Option Activity: SPOT, DOCN, BW",https://www.nasdaq.com/articles/noteworthy-friday-option-activity%3A-spot-docn-bw-2021-11-12,2021-11-12
28,"Noteworthy Friday Option Activity: PWR, MOS, ONCR",https://www.nasdaq.com/articles/noteworthy-friday-option-activity%3A-pwr-mos-oncr-2021-11-12,2021-11-12
29,"Notable Friday Option Activity: WHR, SAM, DAL",https://www.nasdaq.com/articles/notable-friday-option-activity%3A-whr-sam-dal-2021-11-12,2021-11-12
30,"Noteworthy Friday Option Activity: ZS, STZ, PLUG",https://www.nasdaq.com/articles/noteworthy-friday-option-activity%3A-zs-stz-plug-2021-11-12,2021-11-12
31,"Notable Friday Option Activity: GPRO, POWW, MDB",https://www.nasdaq.com/articles/notable-friday-option-activity%3A-gpro-poww-mdb-2021-11-12,2021-11-12
32,"Noteworthy Friday Option Activity: NOW, GAN, VIAC",https://www.nasdaq.com/articles/noteworthy-friday-option-activity%3A-now-gan-viac-2021-11-12,2021-11-12
33,"Noteworthy Friday Option Activity: TPX, WMT, FIVE",https://www.nasdaq.com/articles/noteworthy-friday-option-activity%3A-tpx-wmt-five-2021-11-12,2021-11-12
34,"Noteworthy Friday Option Activity: MP, IIPR, MGM",https://www.nasdaq.com/articles/noteworthy-friday-option-activity%3A-mp-iipr-mgm-2021-11-12,2021-11-12
35,EFC Dividend Yield Pushes Above 10%,https://www.nasdaq.com/articles/efc-dividend-yield-pushes-above-10-2021-11-12,2021-11-12
36,A Big Catalyst for the Metaverse Is on the Horizon,https://www.nasdaq.com/articles/a-big-catalyst-for-the-metaverse-is-on-the-horizon-2021-11-12,2021-11-12
37,"Fiverr Beats Earnings, Now What?",https://www.nasdaq.com/articles/fiverr-beats-earnings-now-what-2021-11-12,2021-11-12
38,Manulife Among Canada’s Top 100 Employers for 2022,https://www.nasdaq.com/articles/manulife-among-canadas-top-100-employers-for-2022-2021-11-12,2021-11-12
39,"Friday Sector Leaders: Technology & Communications, Materials",https://www.nasdaq.com/articles/friday-sector-leaders%3A-technology-communications-materials-2021-11-12,2021-11-12
40,"Friday Sector Laggards: Energy, Utilities",https://www.nasdaq.com/articles/friday-sector-laggards%3A-energy-utilities-2021-11-12,2021-11-12
41,CPNG Stock: The Disappointing Coupang News Clipping Shares of Korea’s ‘Amazon’ Today,https://www.nasdaq.com/articles/cpng-stock%3A-the-disappointing-coupang-news-clipping-shares-of-koreas-amazon-today-2021-11,2021-11-13
42,ANALYSIS-Musk's $5 billion Tesla stock haul has charity circuit buzzing,https://www.nasdaq.com/articles/analysis-musks-%245-billion-tesla-stock-haul-has-charity-circuit-buzzing-2021-11-12,2021-11-12
43,CIBC Named One of Canada’s Top 100 Employers,https://www.nasdaq.com/articles/cibc-named-one-of-canadas-top-100-employers-2021-11-12,2021-11-12
44,What's Going on with Earnings in Q4 and Beyond?,https://www.nasdaq.com/articles/whats-going-on-with-earnings-in-q4-and-beyond-2021-11-12,2021-11-12
45,7 Metaverse Cryptos to Buy Now for Futuristic Gains,https://www.nasdaq.com/articles/7-metaverse-cryptos-to-buy-now-for-futuristic-gains-2021-11-12,2021-11-12
46,"Capital One Financial's Preferred Stock, Series H Yield Pushes Past 6%",https://www.nasdaq.com/articles/capital-one-financials-preferred-stock-series-h-yield-pushes-past-6-2021-11-12,2021-11-12
47,MoneyGram International Is Money in the Bank,https://www.nasdaq.com/articles/moneygram-international-is-money-in-the-bank-2021-11-12,2021-11-12
48,GreenPower Revenues Rise 57% in Q2,https://www.nasdaq.com/articles/greenpower-revenues-rise-57-in-q2-2021-11-12,2021-11-12
49,"Friday 11/12 Insider Buying Report: ACGL, SLVM",https://www.nasdaq.com/articles/friday-11-12-insider-buying-report%3A-acgl-slvm-2021-11-12,2021-11-12
50,ARRY Makes Bullish Cross Above Critical Moving Average,https://www.nasdaq.com/articles/arry-makes-bullish-cross-above-critical-moving-average-2021-11-12,2021-11-12
51,"Notable Friday Option Activity: CBOE, ROK, FIS",https://www.nasdaq.com/articles/notable-friday-option-activity%3A-cboe-rok-fis-2021-11-12,2021-11-12
52,"Noteworthy Friday Option Activity: MMM, STX, CTAS",https://www.nasdaq.com/articles/noteworthy-friday-option-activity%3A-mmm-stx-ctas-2021-11-12,2021-11-12
53,"Notable Friday Option Activity: UNP, AMAT, MAS",https://www.nasdaq.com/articles/notable-friday-option-activity%3A-unp-amat-mas-2021-11-12,2021-11-12
54,"Notable Friday Option Activity: ILMN, DPZ, CTXS",https://www.nasdaq.com/articles/notable-friday-option-activity%3A-ilmn-dpz-ctxs-2021-11-12,2021-11-12
55,"Notable Friday Option Activity: EXC, LYV, WDC",https://www.nasdaq.com/articles/notable-friday-option-activity%3A-exc-lyv-wdc-2021-11-12,2021-11-12
56,Euroseas: Plenty of Fuel Left in the Tank,https://www.nasdaq.com/articles/euroseas%3A-plenty-of-fuel-left-in-the-tank-2021-11-12,2021-11-12
57,3 Cyclical Stocks To Check Out Now,https://www.nasdaq.com/articles/3-cyclical-stocks-to-check-out-now-2021-11-12,2021-11-12
58,Zimmer Biomet Holdings Stock Could Be Oversold,https://www.nasdaq.com/articles/zimmer-biomet-holdings-stock-could-be-oversold-2021-11-12,2021-11-12
59,"Gilead (GILD), Everest Medicine Report Phase II Cancer Study Data (Revised)",https://www.nasdaq.com/articles/gilead-gild-everest-medicine-report-phase-ii-cancer-study-data-revised-2021-11-12,2021-11-12
60,HYZN Stock: 11 Things That Have Hyzon Motors Shares Revving Up Today,https://www.nasdaq.com/articles/hyzn-stock%3A-11-things-that-have-hyzon-motors-shares-revving-up-today-2021-11-12,2021-11-12
61,Euroseas's (ESEA) to Report Q3 Earnings: What's in the Offing?,https://www.nasdaq.com/articles/euroseass-esea-to-report-q3-earnings%3A-whats-in-the-offing-2021-11-12,2021-11-12
62,"Flowers Foods (FLO) Beats on Q3 Earnings, Raises 2021 View",https://www.nasdaq.com/articles/flowers-foods-flo-beats-on-q3-earnings-raises-2021-view-2021-11-12,2021-11-12
63,MRAM Stock: Why Everspin Technologies Investors Are Feeling Mighty Chipper Today,https://www.nasdaq.com/articles/mram-stock%3A-why-everspin-technologies-investors-are-feeling-mighty-chipper-today-2021-11,2021-11-13
64,Organon to Snap up Forendo Pharma for $954M,https://www.nasdaq.com/articles/organon-to-snap-up-forendo-pharma-for-%24954m-2021-11-12,2021-11-12
65,How Will Grindrod Shipping (GRIN) Fare This Earnings Season?,https://www.nasdaq.com/articles/how-will-grindrod-shipping-grin-fare-this-earnings-season-2021-11-12,2021-11-12
66,BSY Crosses Below Key Moving Average Level,https://www.nasdaq.com/articles/bsy-crosses-below-key-moving-average-level-2021-11-12,2021-11-12
67,SoFi Technologies: Third-Quarter Results and Key Highlights,https://www.nasdaq.com/articles/sofi-technologies%3A-third-quarter-results-and-key-highlights-2021-11-12,2021-11-12
68,The Fed Should Prepare Markets for Tightening,https://www.nasdaq.com/articles/the-fed-should-prepare-markets-for-tightening-2021-11-12,2021-11-12
69,"Heroux-Devtek Q2 Sales Fall, Profit Rises",https://www.nasdaq.com/articles/heroux-devtek-q2-sales-fall-profit-rises-2021-11-12,2021-11-12
70,"Solana to $5,057 in 2030: Who’s Coming Along for the Ride?",https://www.nasdaq.com/articles/solana-to-%245057-in-2030%3A-whos-coming-along-for-the-ride-2021-11-12,2021-11-12
71,PPL Expedites Clean Energy Shift by Joining EIP's $1B Fund,https://www.nasdaq.com/articles/ppl-expedites-clean-energy-shift-by-joining-eips-%241b-fund-2021-11-12,2021-11-12
72,"ANALYSIS-As countries wrangle over climate pledges, how enforceable are they?",https://www.nasdaq.com/articles/analysis-as-countries-wrangle-over-climate-pledges-how-enforceable-are-they-2021-11-12,2021-11-12
73,Euronet's (EEFT) Unit Introduces Recurring Billing Solution,https://www.nasdaq.com/articles/euronets-eeft-unit-introduces-recurring-billing-solution-2021-11-12,2021-11-12
74,Pretium Resources Misses Q3 Expectations,https://www.nasdaq.com/articles/pretium-resources-misses-q3-expectations-2021-11-12,2021-11-12
75,Xcel Energy (XEL) Strong on Capex and Clean Energy Plans,https://www.nasdaq.com/articles/xcel-energy-xel-strong-on-capex-and-clean-energy-plans-2021-11-12,2021-11-12
76,ANALYSIS-Lukashenko ties fate to Moscow while testing Putin's patience,https://www.nasdaq.com/articles/analysis-lukashenko-ties-fate-to-moscow-while-testing-putins-patience-2021-11-12,2021-11-12
77,The Honest Company Is Worth an Honest Look,https://www.nasdaq.com/articles/the-honest-company-is-worth-an-honest-look-2021-11-12,2021-11-12
78,FTCH Stock: 6 Things to Know About the Deal That Has BofA Feeling Bullish About Farfetch,https://www.nasdaq.com/articles/ftch-stock%3A-6-things-to-know-about-the-deal-that-has-bofa-feeling-bullish-about-farfetch,2021-11-13
79,Friday's ETF with Unusual Volume: XMPT,https://www.nasdaq.com/articles/fridays-etf-with-unusual-volume%3A-xmpt-2021-11-12,2021-11-12
80,"Friday's ETF Movers: ARKF, ARKG",https://www.nasdaq.com/articles/fridays-etf-movers%3A-arkf-arkg-2021-11-12,2021-11-12
81,How To YieldBoost Brandywine Realty Trust From 5.4% To 23.7% Using Options,https://www.nasdaq.com/articles/how-to-yieldboost-brandywine-realty-trust-from-5.4-to-23.7-using-options-2021-11-12,2021-11-12
82,"Friday Sector Laggards: Oil & Gas Equipment & Services, Biotechnology Stocks",https://www.nasdaq.com/articles/friday-sector-laggards%3A-oil-gas-equipment-services-biotechnology-stocks-2021-11-12,2021-11-12
83,"Friday Sector Leaders: Computer Peripherals, Trucking Stocks",https://www.nasdaq.com/articles/friday-sector-leaders%3A-computer-peripherals-trucking-stocks-2021-11-12,2021-11-12
84,How To YieldBoost Cohen & Steers From 1.8% To 10.4% Using Options,https://www.nasdaq.com/articles/how-to-yieldboost-cohen-steers-from-1.8-to-10.4-using-options-2021-11-12,2021-11-12
85,"Daily Dividend Report: YUM,LRCX,MLM,PATK,NOG",https://www.nasdaq.com/articles/daily-dividend-report%3A-yumlrcxmlmpatknog-2021-11-12,2021-11-12
86,How To YieldBoost COR To 22.3% Using Options,https://www.nasdaq.com/articles/how-to-yieldboost-cor-to-22.3-using-options-2021-11-12,2021-11-12
87,Iovance Biotherapeutics Becomes Oversold (IOVA),https://www.nasdaq.com/articles/iovance-biotherapeutics-becomes-oversold-iova-2021-11-12,2021-11-12
88,How To YieldBoost Tradeweb Markets From 0.3% To 5.5% Using Options,https://www.nasdaq.com/articles/how-to-yieldboost-tradeweb-markets-from-0.3-to-5.5-using-options-2021-11-12,2021-11-12
89,EYE Crosses Below Key Moving Average Level,https://www.nasdaq.com/articles/eye-crosses-below-key-moving-average-level-2021-11-12,2021-11-12
90,Central Securities Enters Oversold Territory (CET),https://www.nasdaq.com/articles/central-securities-enters-oversold-territory-cet-2021-11-12,2021-11-12
91,YieldBoost American Financial Group From 1.6% To 10.6% Using Options,https://www.nasdaq.com/articles/yieldboost-american-financial-group-from-1.6-to-10.6-using-options-2021-11-12,2021-11-12
92,7 Cryptos Dealt Near Fatal Blows That Are Rising From the Dead,https://www.nasdaq.com/articles/7-cryptos-dealt-near-fatal-blows-that-are-rising-from-the-dead-2021-11-12,2021-11-12
93,S&P 500 Analyst Moves: ULTA,https://www.nasdaq.com/articles/sp-500-analyst-moves%3A-ulta-2021-11-12,2021-11-12
94,Victory Capital (VCTR) October AUM Up Sequentially to $162.6B,https://www.nasdaq.com/articles/victory-capital-vctr-october-aum-up-sequentially-to-%24162.6b-2021-11-12,2021-11-12
95,Allscripts Healthcare Solutions Breaks Above 200-Day Moving Average - Bullish for MDRX,https://www.nasdaq.com/articles/allscripts-healthcare-solutions-breaks-above-200-day-moving-average-bullish-for-mdrx-2021,2021-11-13
96,MKS Instruments (MKSI) Shares Cross Above 200 DMA,https://www.nasdaq.com/articles/mks-instruments-mksi-shares-cross-above-200-dma-2021-11-12,2021-11-12
97,"Affirm Holdings: Great Company, Expensive Stock",https://www.nasdaq.com/articles/affirm-holdings%3A-great-company-expensive-stock-2021-11-12,2021-11-12
98,AMC Crypto News: It’s Official! You Can Now Buy Your Movie Ticket With Bitcoin!,https://www.nasdaq.com/articles/amc-crypto-news%3A-its-official-you-can-now-buy-your-movie-ticket-with-bitcoin-2021-11-12,2021-11-12
99,CYTO Stock: The Nasal Spray News Blowing Altamira Therapeutics Sky-High Today,https://www.nasdaq.com/articles/cyto-stock%3A-the-nasal-spray-news-blowing-altamira-therapeutics-sky-high-today-2021-11-12,2021-11-12
100,Quidel Breaks Above 200-Day Moving Average - Bullish for QDEL,https://www.nasdaq.com/articles/quidel-breaks-above-200-day-moving-average-bullish-for-qdel-2021-11-12,2021-11-12
101,Oceaneering (OII) Stock Down 8% Since Missing on Q3 Earnings,https://www.nasdaq.com/articles/oceaneering-oii-stock-down-8-since-missing-on-q3-earnings-2021-11-12,2021-11-12
102,HPE Crosses Below Key Moving Average Level,https://www.nasdaq.com/articles/hpe-crosses-below-key-moving-average-level-2021-11-12,2021-11-12
103,STNG Makes Bullish Cross Above Critical Moving Average,https://www.nasdaq.com/articles/stng-makes-bullish-cross-above-critical-moving-average-2021-11-12,2021-11-12
104,"IQVIA (IQV) Riding on Global IT Infrastructure, Debt Woe Stays",https://www.nasdaq.com/articles/iqvia-iqv-riding-on-global-it-infrastructure-debt-woe-stays-2021-11-12,2021-11-12
105,Essent Group (ESNT) Shares Cross Below 200 DMA,https://www.nasdaq.com/articles/essent-group-esnt-shares-cross-below-200-dma-2021-11-12,2021-11-12
106,DAQO New Energy (DQ) Shares Cross Above 200 DMA,https://www.nasdaq.com/articles/daqo-new-energy-dq-shares-cross-above-200-dma-2021-11-12,2021-11-12
107,HIVE June 2022 Options Begin Trading,https://www.nasdaq.com/articles/hive-june-2022-options-begin-trading-2021-11-12,2021-11-12
108,"Genpact (G) Beats on Q3 Earnings, Up 2.4% on Solid EPS View",https://www.nasdaq.com/articles/genpact-g-beats-on-q3-earnings-up-2.4-on-solid-eps-view-2021-11-12,2021-11-12
109,November 12th Options Now Available For Avis Budget Group,https://www.nasdaq.com/articles/november-12th-options-now-available-for-avis-budget-group-2021-11-12,2021-11-12
110,Constellation Brands (STZ) Shares Cross Above 200 DMA,https://www.nasdaq.com/articles/constellation-brands-stz-shares-cross-above-200-dma-2021-11-12,2021-11-12
111,KT Crosses Above Key Moving Average Level,https://www.nasdaq.com/articles/kt-crosses-above-key-moving-average-level-2021-11-12,2021-11-12
112,Petroleo Brasileiro Breaks Below 200-Day Moving Average - Notable for PBR,https://www.nasdaq.com/articles/petroleo-brasileiro-breaks-below-200-day-moving-average-notable-for-pbr-2021-11-12,2021-11-12
113,PSTH July 2022 Options Begin Trading,https://www.nasdaq.com/articles/psth-july-2022-options-begin-trading-2021-11-12,2021-11-12
114,"SNDL, TLRY, ACB, CGC: Why Are Marijuana Stocks Up Today?",https://www.nasdaq.com/articles/sndl-tlry-acb-cgc%3A-why-are-marijuana-stocks-up-today-2021-11-12,2021-11-12
115,OII Makes Notable Cross Below Critical Moving Average,https://www.nasdaq.com/articles/oii-makes-notable-cross-below-critical-moving-average-2021-11-12,2021-11-12
116,Interesting FFIE Put And Call Options For December 31st,https://www.nasdaq.com/articles/interesting-ffie-put-and-call-options-for-december-31st-2021-11-12,2021-11-12
117,Here's Why You Should Consider Betting on RLI Stock Now,https://www.nasdaq.com/articles/heres-why-you-should-consider-betting-on-rli-stock-now-2021-11-12,2021-11-12
118,Interesting SONO Put And Call Options For December 31st,https://www.nasdaq.com/articles/interesting-sono-put-and-call-options-for-december-31st-2021-11-12,2021-11-12
119,Bullish Two Hundred Day Moving Average Cross - SPB,https://www.nasdaq.com/articles/bullish-two-hundred-day-moving-average-cross-spb-2021-11-12,2021-11-12
120,TransDigm Group (TDG) to Post Q4 Earnings: What's in Store?,https://www.nasdaq.com/articles/transdigm-group-tdg-to-post-q4-earnings%3A-whats-in-store-2021-11-12,2021-11-12
121,"KRE, RF, STL, CMA: ETF Outflow Alert",https://www.nasdaq.com/articles/kre-rf-stl-cma%3A-etf-outflow-alert-2021-11-12,2021-11-12
122,"Notable ETF Outflow Detected - IWF, SBUX, ISRG, AMT",https://www.nasdaq.com/articles/notable-etf-outflow-detected-iwf-sbux-isrg-amt-2021-11-12,2021-11-12
123,Notable ETF Inflow Detected - SCHF,https://www.nasdaq.com/articles/notable-etf-inflow-detected-schf-2021-11-12,2021-11-12
124,GOVT: ETF Inflow Alert,https://www.nasdaq.com/articles/govt%3A-etf-inflow-alert-2021-11-12,2021-11-12
125,PKW: Large Outflows Detected at ETF,https://www.nasdaq.com/articles/pkw%3A-large-outflows-detected-at-etf-2021-11-12,2021-11-12
126,"XLK, ORCL, NOW, IBM: ETF Outflow Alert",https://www.nasdaq.com/articles/xlk-orcl-now-ibm%3A-etf-outflow-alert-2021-11-12,2021-11-12
127,SPTL: Large Outflows Detected at ETF,https://www.nasdaq.com/articles/sptl%3A-large-outflows-detected-at-etf-2021-11-12,2021-11-12
128,"What Makes Triton (TRTN) a Good Fit for ""Trend Investing""",https://www.nasdaq.com/articles/what-makes-triton-trtn-a-good-fit-for-trend-investing-2021-11-12,2021-11-12
129,"The Bank of Princeton (BPRN) Is a Great Choice for ""Trend"" Investors, Here's Why",https://www.nasdaq.com/articles/the-bank-of-princeton-bprn-is-a-great-choice-for-trend-investors-heres-why-2021-11-12,2021-11-12
130,Here's What Could Help The Bancorp (TBBK) Maintain Its Recent Price Strength,https://www.nasdaq.com/articles/heres-what-could-help-the-bancorp-tbbk-maintain-its-recent-price-strength-2021-11-12,2021-11-12
131,"Apollo Endosurgery, Inc. (APEN) is on the Move, Here's Why the Trend Could be Sustainable",https://www.nasdaq.com/articles/apollo-endosurgery-inc.-apen-is-on-the-move-heres-why-the-trend-could-be-sustainable-2021,2021-11-13
132,"Here's What Could Help Xponential Fitness, Inc. (XPOF) Maintain Its Recent Price Strength",https://www.nasdaq.com/articles/heres-what-could-help-xponential-fitness-inc.-xpof-maintain-its-recent-price-strength-2021,2021-11-13
133,Fast-paced Momentum Stock Sterling Construction (STRL) Is Still Trading at a Bargain,https://www.nasdaq.com/articles/fast-paced-momentum-stock-sterling-construction-strl-is-still-trading-at-a-bargain-2021-11,2021-11-13
134,Here Is Why Bargain Hunters Would Love Fast-paced Mover Chemours (CC),https://www.nasdaq.com/articles/here-is-why-bargain-hunters-would-love-fast-paced-mover-chemours-cc-2021-11-12,2021-11-12
135,Looking for a Fast-paced Momentum Stock at a Bargain? Consider Macy's (M),https://www.nasdaq.com/articles/looking-for-a-fast-paced-momentum-stock-at-a-bargain-consider-macys-m-2021-11-12,2021-11-12
136,Fast-paced Momentum Stock Cushman & Wakefield (CWK) Is Still Trading at a Bargain,https://www.nasdaq.com/articles/fast-paced-momentum-stock-cushman-wakefield-cwk-is-still-trading-at-a-bargain-2021-11-12,2021-11-12
137,LCI (LCII) Shows Fast-paced Momentum But Is Still a Bargain Stock,https://www.nasdaq.com/articles/lci-lcii-shows-fast-paced-momentum-but-is-still-a-bargain-stock-2021-11-12,2021-11-12
138,Coinbase Looks Attractive after Recent Slide,https://www.nasdaq.com/articles/coinbase-looks-attractive-after-recent-slide-2021-11-12,2021-11-12
139,"Notable ETF Inflow Detected - IVV, AAPL, AMZN, GOOG",https://www.nasdaq.com/articles/notable-etf-inflow-detected-ivv-aapl-amzn-goog-2021-11-12,2021-11-12
140,"Noteworthy ETF Inflows: XLY, NKE, MCD, LOW",https://www.nasdaq.com/articles/noteworthy-etf-inflows%3A-xly-nke-mcd-low-2021-11-12,2021-11-12
141,iShares MSCI World ETF Experiences Big Inflow,https://www.nasdaq.com/articles/ishares-msci-world-etf-experiences-big-inflow-2021-11-12,2021-11-12
142,Notable ETF Inflow Detected - EMB,https://www.nasdaq.com/articles/notable-etf-inflow-detected-emb-2021-11-12,2021-11-12
143,"SCZ, AER, KRNT, INMD: Large Inflows Detected at ETF",https://www.nasdaq.com/articles/scz-aer-krnt-inmd%3A-large-inflows-detected-at-etf-2021-11-12,2021-11-12
144,AGG: Large Inflows Detected at ETF,https://www.nasdaq.com/articles/agg%3A-large-inflows-detected-at-etf-2021-11-12,2021-11-12
145,"Notable ETF Inflow Detected - SOXX, AVGO, QCOM, KLAC",https://www.nasdaq.com/articles/notable-etf-inflow-detected-soxx-avgo-qcom-klac-2021-11-12,2021-11-12
146,"HYG, UNOV: Big ETF Inflows",https://www.nasdaq.com/articles/hyg-unov%3A-big-etf-inflows-2021-11-12,2021-11-12
147,"SPMB, BJUL: Big ETF Outflows",https://www.nasdaq.com/articles/spmb-bjul%3A-big-etf-outflows-2021-11-12,2021-11-12
148,Biogen (BIIB) Up on New Data From Phase III Studies on Aduhelm,https://www.nasdaq.com/articles/biogen-biib-up-on-new-data-from-phase-iii-studies-on-aduhelm-2021-11-12,2021-11-12
149,"Vale: A Cash Cow, but Business Is Cyclical",https://www.nasdaq.com/articles/vale%3A-a-cash-cow-but-business-is-cyclical-2021-11-12,2021-11-12
150,"Friday 11/12 Insider Buying Report: MGI, BLL",https://www.nasdaq.com/articles/friday-11-12-insider-buying-report%3A-mgi-bll-2021-11-12,2021-11-12
151,This Top Business Services Stock is a #1 (Strong Buy): Why It Should Be on Your Radar,https://www.nasdaq.com/articles/this-top-business-services-stock-is-a-1-strong-buy%3A-why-it-should-be-on-your-radar-2021-11,2021-11-13
152,The Zacks Rank Explained: How to Find Strong Buy Finance Stocks,https://www.nasdaq.com/articles/the-zacks-rank-explained%3A-how-to-find-strong-buy-finance-stocks-2021-11-12,2021-11-12
153,How to Find Strong Buy Computer and Technology Stocks Using the Zacks Rank,https://www.nasdaq.com/articles/how-to-find-strong-buy-computer-and-technology-stocks-using-the-zacks-rank-2021-11-12,2021-11-12
154,First Week of November 26th Options Trading For Sabre (SABR),https://www.nasdaq.com/articles/first-week-of-november-26th-options-trading-for-sabre-sabr-2021-11-12,2021-11-12
155,Here's How Investors Can Find Strong Computer and Technology Stocks with the Zacks ESP Screener,https://www.nasdaq.com/articles/heres-how-investors-can-find-strong-computer-and-technology-stocks-with-the-zacks-esp-15,2021-11-13
156,How Investors Can Grab Better Returns for Computer and Technology Using the Zacks ESP Screener,https://www.nasdaq.com/articles/how-investors-can-grab-better-returns-for-computer-and-technology-using-the-zacks-esp-20,2021-11-13
157,First Week of November 19th Options Trading For SmartSheet (SMAR),https://www.nasdaq.com/articles/first-week-of-november-19th-options-trading-for-smartsheet-smar-2021-11-12,2021-11-12
158,"Down 22.2% in 4 Weeks, Here's Why You Should You Buy the Dip in SunOpta (STKL)",https://www.nasdaq.com/articles/down-22.2-in-4-weeks-heres-why-you-should-you-buy-the-dip-in-sunopta-stkl-2021-11-12,2021-11-12
159,BOX Gets Picked by U.S. General Services Administration,https://www.nasdaq.com/articles/box-gets-picked-by-u.s.-general-services-administration-2021-11-12,2021-11-12
160,Novo Nordisk (NVO) Gets Positive CHMP Opinion for Wegovy,https://www.nasdaq.com/articles/novo-nordisk-nvo-gets-positive-chmp-opinion-for-wegovy-2021-11-12,2021-11-12
161,POLL-Colombia economy expected to have grown 12% in third quarter,https://www.nasdaq.com/articles/poll-colombia-economy-expected-to-have-grown-12-in-third-quarter-2021-11-12,2021-11-12
162,New to Investing? This 1 Business Services Stock Could Be the Perfect Starting Point,https://www.nasdaq.com/articles/new-to-investing-this-1-business-services-stock-could-be-the-perfect-starting-point-2021-2,2021-11-13
163,Nvidia (NVDA) Boasts Earnings & Price Momentum: Should You Buy?,https://www.nasdaq.com/articles/nvidia-nvda-boasts-earnings-price-momentum%3A-should-you-buy-2021-11-12,2021-11-12
164,ArcelorMittal (MT) is a Top-Ranked Value Stock: Should You Buy?,https://www.nasdaq.com/articles/arcelormittal-mt-is-a-top-ranked-value-stock%3A-should-you-buy-2021-11-12,2021-11-12
165,Are You a Value Investor? This 1 Stock Could Be the Perfect Pick,https://www.nasdaq.com/articles/are-you-a-value-investor-this-1-stock-could-be-the-perfect-pick-2021-11-12,2021-11-12
166,SNDL Stock: The Good News That Has Cannabis Play Sundial Growers Heading Higher Today,https://www.nasdaq.com/articles/sndl-stock%3A-the-good-news-that-has-cannabis-play-sundial-growers-heading-higher-today-2021,2021-11-13
167,Here's Why Schlumberger (SLB) is a Strong Growth Stock,https://www.nasdaq.com/articles/heres-why-schlumberger-slb-is-a-strong-growth-stock-2021-11-12,2021-11-12
168,Here's Why MercadoLibre (MELI) is a Strong Growth Stock,https://www.nasdaq.com/articles/heres-why-mercadolibre-meli-is-a-strong-growth-stock-2021-11-12,2021-11-12
169,"Jacobs (J) Wins Contracts From Czech Republic, Boosts Backlog",https://www.nasdaq.com/articles/jacobs-j-wins-contracts-from-czech-republic-boosts-backlog-2021-11-12,2021-11-12
170,Why This 1 Momentum Stock Could Be a Great Addition to Your Portfolio,https://www.nasdaq.com/articles/why-this-1-momentum-stock-could-be-a-great-addition-to-your-portfolio-2021-11-12,2021-11-12
171,Interesting HST Put And Call Options For December 17th,https://www.nasdaq.com/articles/interesting-hst-put-and-call-options-for-december-17th-2021-11-12,2021-11-12
172,First Week of STX June 2022 Options Trading,https://www.nasdaq.com/articles/first-week-of-stx-june-2022-options-trading-2021-11-12,2021-11-12
173,First Week of STOR April 2022 Options Trading,https://www.nasdaq.com/articles/first-week-of-stor-april-2022-options-trading-2021-11-12,2021-11-12
174,"After Golden Cross, Sensus Healthcare, Inc. (SRTS)'s Technical Outlook is Bright",https://www.nasdaq.com/articles/after-golden-cross-sensus-healthcare-inc.-srtss-technical-outlook-is-bright-2021-11-12,2021-11-12
175,First Internet Bancorp (INBK) Just Flashed Golden Cross Signal: Do You Buy?,https://www.nasdaq.com/articles/first-internet-bancorp-inbk-just-flashed-golden-cross-signal%3A-do-you-buy-2021-11-12,2021-11-12
176,"After Golden Cross, Allied Motion Technologies (AMOT)'s Technical Outlook is Bright",https://www.nasdaq.com/articles/after-golden-cross-allied-motion-technologies-amots-technical-outlook-is-bright-2021-11-12,2021-11-12
177,CNH Industrial (CNHI) Up 2.7% Since Q3 Earnings & Sales Beat,https://www.nasdaq.com/articles/cnh-industrial-cnhi-up-2.7-since-q3-earnings-sales-beat-2021-11-12,2021-11-12
178,"Trane Technologies (TT) Banking on Growth Initiatives, Debt Ails",https://www.nasdaq.com/articles/trane-technologies-tt-banking-on-growth-initiatives-debt-ails-2021-11-12,2021-11-12
179,AECOM (ACM) Gears Up for Q4 Earnings: What's in the Cards?,https://www.nasdaq.com/articles/aecom-acm-gears-up-for-q4-earnings%3A-whats-in-the-cards-2021-11-12,2021-11-12
180,"Floki Inu Will Be the Next Shiba Inu, Plain and Simple",https://www.nasdaq.com/articles/floki-inu-will-be-the-next-shiba-inu-plain-and-simple-2021-11-12,2021-11-12
181,Cheniere Partners (CQP) Marginally Up Since Q3 Earnings Beat,https://www.nasdaq.com/articles/cheniere-partners-cqp-marginally-up-since-q3-earnings-beat-2021-11-12,2021-11-12
182,Carvana (CVNA) Dips 4.7% Since Wider-Than-Expected Q3 Loss,https://www.nasdaq.com/articles/carvana-cvna-dips-4.7-since-wider-than-expected-q3-loss-2021-11-12,2021-11-12
183,"Alcon (ALC) Q3 Earnings Beat Estimates, Margin Improves",https://www.nasdaq.com/articles/alcon-alc-q3-earnings-beat-estimates-margin-improves-2021-11-12,2021-11-12
184,"NIO's Q3 Loss Widens Y/Y, Revenues Witness Massive Surge",https://www.nasdaq.com/articles/nios-q3-loss-widens-y-y-revenues-witness-massive-surge-2021-11-12,2021-11-12
185,"RLI to Share More Profits, Approves Special Cash Dividend",https://www.nasdaq.com/articles/rli-to-share-more-profits-approves-special-cash-dividend-2021-11-12,2021-11-12
186,Atmos Energy's (ATO) Board Approves 8.8% Hike in Dividend,https://www.nasdaq.com/articles/atmos-energys-ato-board-approves-8.8-hike-in-dividend-2021-11-12,2021-11-12
187,Best Stocks To Buy Today? 4 E-Commerce Stocks To Know,https://www.nasdaq.com/articles/best-stocks-to-buy-today-4-e-commerce-stocks-to-know-2021-11-12,2021-11-12
188,"Wall Street Analysts Predict a 27% Upside in Outset Medical, Inc. (OM): Here's What You Should Know",https://www.nasdaq.com/articles/wall-street-analysts-predict-a-27-upside-in-outset-medical-inc.-om%3A-heres-what-you-should,2021-11-13
189,"Wall Street Analysts Believe Inozyme Pharma, Inc. (INZY) Could Rally 257%: Here's is How to Trade",https://www.nasdaq.com/articles/wall-street-analysts-believe-inozyme-pharma-inc.-inzy-could-rally-257%3A-heres-is-how-to,2021-11-13
190,Wall Street Analysts Think ARKO Corp. (ARKO) Could Surge 30%: Read This Before Placing a Bet,https://www.nasdaq.com/articles/wall-street-analysts-think-arko-corp.-arko-could-surge-30%3A-read-this-before-placing-a-bet,2021-11-13
191,"Nasdaq 100 Movers: PTON, MU",https://www.nasdaq.com/articles/nasdaq-100-movers%3A-pton-mu-2021-11-12,2021-11-12
192,"S&P 500 Movers: HPE, STX",https://www.nasdaq.com/articles/sp-500-movers%3A-hpe-stx-2021-11-12,2021-11-12
193,"Dow Movers: DIS, JNJ",https://www.nasdaq.com/articles/dow-movers%3A-dis-jnj-2021-11-12,2021-11-12
194,"Wall Street Analysts Predict a 28% Upside in Nable, Inc. (NABL): Here's What You Should Know",https://www.nasdaq.com/articles/wall-street-analysts-predict-a-28-upside-in-nable-inc.-nabl%3A-heres-what-you-should-know,2021-11-13
195,Sleep Country Canada Q3 Revenues Rise 13%,https://www.nasdaq.com/articles/sleep-country-canada-q3-revenues-rise-13-2021-11-12,2021-11-12
196,Wall Street Analysts Think Accel Entertainment (ACEL) Could Surge 26%: Read This Before Placing a Bet,https://www.nasdaq.com/articles/wall-street-analysts-think-accel-entertainment-acel-could-surge-26%3A-read-this-before,2021-11-13
197,"Wix (WIX) Q3 Loss Narrower Than Expected, Revenues Rise Y/Y",https://www.nasdaq.com/articles/wix-wix-q3-loss-narrower-than-expected-revenues-rise-y-y-2021-11-12,2021-11-12
198,3D Systems (DDD) Reveals Pricing of Upsized Notes Offering,https://www.nasdaq.com/articles/3d-systems-ddd-reveals-pricing-of-upsized-notes-offering-2021-11-12,2021-11-12
199,Here's Why You Should Hold on to Caterpillar (CAT) Stock Now,https://www.nasdaq.com/articles/heres-why-you-should-hold-on-to-caterpillar-cat-stock-now-2021-11-12,2021-11-12
200,Add These 4 GARP Stocks to Your Portfolio for Maximum Returns,https://www.nasdaq.com/articles/add-these-4-garp-stocks-to-your-portfolio-for-maximum-returns-2021-11-12,2021-11-12
201,Pool Corp (POOL) Agrees to Acquire Porpoise Pool & Patio,https://www.nasdaq.com/articles/pool-corp-pool-agrees-to-acquire-porpoise-pool-patio-2021-11-12,2021-11-12
202,How Much Upside is Left in Madison Square Garden Entertainment (MSGE)? Wall Street Analysts Think 33%,https://www.nasdaq.com/articles/how-much-upside-is-left-in-madison-square-garden-entertainment-msge-wall-street-analysts,2021-11-13
203,Here's How Target (TGT) is Placed Ahead of Q3 Earnings,https://www.nasdaq.com/articles/heres-how-target-tgt-is-placed-ahead-of-q3-earnings-2021-11-12,2021-11-12
204,How Big Should a Company Be? And Why This Question Matters for Investors,https://www.nasdaq.com/articles/how-big-should-a-company-be-and-why-this-question-matters-for-investors-2021-11-12,2021-11-12
205,"Triumph Group (TGI) Q2 Earnings Top Estimates, EPS View Up",https://www.nasdaq.com/articles/triumph-group-tgi-q2-earnings-top-estimates-eps-view-up-2021-11-12,2021-11-12
206,JNJ Split: 10 Things for Investors to Know About Johnson & Johnson’s Breakup Plans,https://www.nasdaq.com/articles/jnj-split%3A-10-things-for-investors-to-know-about-johnson-johnsons-breakup-plans-2021-11-12,2021-11-12
207,Palo Alto (PANW) Strengthens Partnership With CDW Canada,https://www.nasdaq.com/articles/palo-alto-panw-strengthens-partnership-with-cdw-canada-2021-11-12,2021-11-12
208,J&J Plans to Split in Two; Dow Up Triple Digits,https://www.nasdaq.com/articles/jj-plans-to-split-in-two-dow-up-triple-digits-2021-11-12,2021-11-12
209,Cara Therapeutics: Bullish on FDA Approval,https://www.nasdaq.com/articles/cara-therapeutics%3A-bullish-on-fda-approval-2021-11-12,2021-11-12
210,Palantir Stock: Why the Bearish Outlook?,https://www.nasdaq.com/articles/palantir-stock%3A-why-the-bearish-outlook-2021-11-12,2021-11-12
211,ArcelorMittal Misses Q3 Consensus Estimates,https://www.nasdaq.com/articles/arcelormittal-misses-q3-consensus-estimates-2021-11-12,2021-11-12
212,Acadia Healthcare (ACHC) Inks JV to Boost Chula Vista Presence,https://www.nasdaq.com/articles/acadia-healthcare-achc-inks-jv-to-boost-chula-vista-presence-2021-11-12,2021-11-12
213,Compugen (CGEN) Stock Up on Bristol Myers' $20M Investment,https://www.nasdaq.com/articles/compugen-cgen-stock-up-on-bristol-myers-%2420m-investment-2021-11-12,2021-11-12
214,MPC Ex-Dividend Reminder - 11/16/21,https://www.nasdaq.com/articles/mpc-ex-dividend-reminder-11-16-21-2021-11-12,2021-11-12
215,"Ex-Dividend Reminder: Fresh Del Monte Produce, Archer Daniels Midland and Target",https://www.nasdaq.com/articles/ex-dividend-reminder%3A-fresh-del-monte-produce-archer-daniels-midland-and-target-2021-11-12,2021-11-12
216,"Ex-Dividend Reminder: First Majestic Silver, Carlisle Companies and Marathon Oil",https://www.nasdaq.com/articles/ex-dividend-reminder%3A-first-majestic-silver-carlisle-companies-and-marathon-oil-2021-11-12,2021-11-12
217,"Ex-Dividend Reminder: Consolidated Edison, Assured Guaranty and AFLAC",https://www.nasdaq.com/articles/ex-dividend-reminder%3A-consolidated-edison-assured-guaranty-and-aflac-2021-11-12,2021-11-12
218,13.7% of XSMO Holdings Seeing Recent Insider Buys,https://www.nasdaq.com/articles/13.7-of-xsmo-holdings-seeing-recent-insider-buys-2021-11-12,2021-11-12
219,Regeneron (REGN)-Roche COVID-19 Cocktail Gets Positive CHMP Opinion,https://www.nasdaq.com/articles/regeneron-regn-roche-covid-19-cocktail-gets-positive-chmp-opinion-2021-11-12,2021-11-12
220,"AstraZeneca (AZN) Q3 Earnings Miss, Sales Beat, Stock Down",https://www.nasdaq.com/articles/astrazeneca-azn-q3-earnings-miss-sales-beat-stock-down-2021-11-12,2021-11-12
221,Live Nation: Still Attractive After Astroworld Incident?,https://www.nasdaq.com/articles/live-nation%3A-still-attractive-after-astroworld-incident-2021-11-12,2021-11-12
222,5 Things That Spell Trouble for the Shiba Inu Craze,https://www.nasdaq.com/articles/5-things-that-spell-trouble-for-the-shiba-inu-craze-2021-11-12,2021-11-12
223,Sunoco (SUN) Declines 2% Since Q3 Earnings Miss Estimates,https://www.nasdaq.com/articles/sunoco-sun-declines-2-since-q3-earnings-miss-estimates-2021-11-12,2021-11-12
224,Shell (RDS.A) Signs MoU to Explore Green Hydrogen Opportunities,https://www.nasdaq.com/articles/shell-rds.a-signs-mou-to-explore-green-hydrogen-opportunities-2021-11-12,2021-11-12
225,"Dillard's (DDS) Stock Up on Q3 Earnings Beat, Sales Rise Y/Y",https://www.nasdaq.com/articles/dillards-dds-stock-up-on-q3-earnings-beat-sales-rise-y-y-2021-11-12,2021-11-12
226,"General Electric (GE) Prices Tender Offers, Gets MSC Contract",https://www.nasdaq.com/articles/general-electric-ge-prices-tender-offers-gets-msc-contract-2021-11-12,2021-11-12
227,Why Kohl's (KSS) Might Surprise This Earnings Season,https://www.nasdaq.com/articles/why-kohls-kss-might-surprise-this-earnings-season-2021-11-12,2021-11-12
228,Ross Stores (ROST) to Report Q3 Earnings: Is a Beat Likely?,https://www.nasdaq.com/articles/ross-stores-rost-to-report-q3-earnings%3A-is-a-beat-likely-2021-11-12,2021-11-12
229,Disney: Brushing aside Near-Term Pain,https://www.nasdaq.com/articles/disney%3A-brushing-aside-near-term-pain-2021-11-12,2021-11-12
230,Surmodics (SRDX) Stock Loses 2.2% Despite Q4 Earnings Beat,https://www.nasdaq.com/articles/surmodics-srdx-stock-loses-2.2-despite-q4-earnings-beat-2021-11-12,2021-11-12
231,"Company News for Nov 12, 2021",https://www.nasdaq.com/articles/company-news-for-nov-12-2021-2021-11-12,2021-11-12
232,Should Value Investors Consider Kraft Heinz (KHC) Stock Now?,https://www.nasdaq.com/articles/should-value-investors-consider-kraft-heinz-khc-stock-now-2021-11-12,2021-11-12
233,Algonquin Power & Utilities Q3 Revenues Rise 40%,https://www.nasdaq.com/articles/algonquin-power-utilities-q3-revenues-rise-40-2021-11-12,2021-11-12
234,S&P Global (SPGI) Stock Up 37.4% Year to Date: Here's Why,https://www.nasdaq.com/articles/sp-global-spgi-stock-up-37.4-year-to-date%3A-heres-why-2021-11-12,2021-11-12
235,Uncle Sam's Favorite Six Pack of Infrastructure Dividend Stocks,https://www.nasdaq.com/articles/uncle-sams-favorite-six-pack-of-infrastructure-dividend-stocks-2021-11-12,2021-11-12
236,Is Kellogg (K) Stock a Suitable Pick for Value Investors Now?,https://www.nasdaq.com/articles/is-kellogg-k-stock-a-suitable-pick-for-value-investors-now-2021-11-12,2021-11-12
237,Outbrain Drops Despite Solid Q3 Results,https://www.nasdaq.com/articles/outbrain-drops-despite-solid-q3-results-2021-11-12,2021-11-12
238,Should You Buy Kulicke and Soffa (KLIC) Ahead of Earnings?,https://www.nasdaq.com/articles/should-you-buy-kulicke-and-soffa-klic-ahead-of-earnings-2021-11-12,2021-11-12
239,Fiverr Looks Attractive amid Improving Traffic,https://www.nasdaq.com/articles/fiverr-looks-attractive-amid-improving-traffic-2021-11-12,2021-11-12
240,Coupang: Amazon of South Korea Needs an AWS,https://www.nasdaq.com/articles/coupang%3A-amazon-of-south-korea-needs-an-aws-2021-11-12,2021-11-12
241,SoFi Stock: Future Looks Bright,https://www.nasdaq.com/articles/sofi-stock%3A-future-looks-bright-2021-11-12,2021-11-12
242,Should You Buy Walmart (WMT) Ahead of Earnings?,https://www.nasdaq.com/articles/should-you-buy-walmart-wmt-ahead-of-earnings-2021-11-12,2021-11-12
243,SONY PS5 Supply to be Hit: A Holiday Season Boon for Rivals?,https://www.nasdaq.com/articles/sony-ps5-supply-to-be-hit%3A-a-holiday-season-boon-for-rivals-2021-11-12,2021-11-12
244,Is a Surprise Coming for Tetra Tech (TTEK) This Earnings Season?,https://www.nasdaq.com/articles/is-a-surprise-coming-for-tetra-tech-ttek-this-earnings-season-2021-11-12,2021-11-12
245,"California Resources Posts Q3 Beat, Shares Rise",https://www.nasdaq.com/articles/california-resources-posts-q3-beat-shares-rise-2021-11-12,2021-11-12
246,"GrowGeneration (GRWG) Q3 Earnings Lag Estimates, Revenues Up",https://www.nasdaq.com/articles/growgeneration-grwg-q3-earnings-lag-estimates-revenues-up-2021-11-12,2021-11-12
247,STX Crosses Above Average Analyst Target,https://www.nasdaq.com/articles/stx-crosses-above-average-analyst-target-2021-11-12,2021-11-12
248,Freeport-McMoRan Reaches Analyst Target Price,https://www.nasdaq.com/articles/freeport-mcmoran-reaches-analyst-target-price-2021-11-12,2021-11-12
249,PLUG Crosses Above Average Analyst Target,https://www.nasdaq.com/articles/plug-crosses-above-average-analyst-target-2021-11-12,2021-11-12
250,Add Up The Parts: RESP Could Be Worth $55,https://www.nasdaq.com/articles/add-up-the-parts%3A-resp-could-be-worth-%2455-2021-11-12,2021-11-12
251,Pilgrims Pride Reaches Analyst Target Price,https://www.nasdaq.com/articles/pilgrims-pride-reaches-analyst-target-price-2021-11-12,2021-11-12
252,Analysts Predict 10% Upside For The Holdings of IVOV,https://www.nasdaq.com/articles/analysts-predict-10-upside-for-the-holdings-of-ivov-2021-11-12,2021-11-12
253,Affirm Holdings Reaches Analyst Target Price,https://www.nasdaq.com/articles/affirm-holdings-reaches-analyst-target-price-2021-11-12,2021-11-12
254,SKT Crosses Above Average Analyst Target,https://www.nasdaq.com/articles/skt-crosses-above-average-analyst-target-2021-11-12,2021-11-12
255,ORA Crosses Above Average Analyst Target,https://www.nasdaq.com/articles/ora-crosses-above-average-analyst-target-2021-11-12,2021-11-12
256,Datadog Reaches Analyst Target Price,https://www.nasdaq.com/articles/datadog-reaches-analyst-target-price-2021-11-12,2021-11-12
257,MRVL Crosses Above Average Analyst Target,https://www.nasdaq.com/articles/mrvl-crosses-above-average-analyst-target-2021-11-12,2021-11-12
258,LivePerson: Poised to See High Sales Growth,https://www.nasdaq.com/articles/liveperson%3A-poised-to-see-high-sales-growth-2021-11-12,2021-11-12
259,"APEC leaders vow to tackle economic recovery, COVID-19, climate",https://www.nasdaq.com/articles/apec-leaders-vow-to-tackle-economic-recovery-covid-19-climate-2021-11-12,2021-11-12
260,ANALYSIS-Argentina's Fernandez faces political acid test in midterm vote,https://www.nasdaq.com/articles/analysis-argentinas-fernandez-faces-political-acid-test-in-midterm-vote-2021-11-12,2021-11-12
261,Mosaic (MOS) Announces Revenues and Volumes for October,https://www.nasdaq.com/articles/mosaic-mos-announces-revenues-and-volumes-for-october-2021-11-12,2021-11-12
262,Why Earnings Season Could Be Great for Intuit (INTU),https://www.nasdaq.com/articles/why-earnings-season-could-be-great-for-intuit-intu-2021-11-12,2021-11-12
263,"Sally Beauty's (SBH) Q4 Earnings Top Estimates, Sales Up Y/Y",https://www.nasdaq.com/articles/sally-beautys-sbh-q4-earnings-top-estimates-sales-up-y-y-2021-11-12,2021-11-12
264,AstraZeneca Shares Drop Despite Q3 Earnings Beat,https://www.nasdaq.com/articles/astrazeneca-shares-drop-despite-q3-earnings-beat-2021-11-12,2021-11-12
265,Why Home Depot (HD) Might Surprise This Earnings Season,https://www.nasdaq.com/articles/why-home-depot-hd-might-surprise-this-earnings-season-2021-11-12,2021-11-12
266,Dollar General (DG) Partners With DoorDash to Boost Deliveries,https://www.nasdaq.com/articles/dollar-general-dg-partners-with-doordash-to-boost-deliveries-2021-11-12,2021-11-12
267,Allegiant (ALGT) Reports Stellar October Traffic Figures,https://www.nasdaq.com/articles/allegiant-algt-reports-stellar-october-traffic-figures-2021-11-12,2021-11-12
268,How The Parts Add Up: IUS Targets $43,https://www.nasdaq.com/articles/how-the-parts-add-up%3A-ius-targets-%2443-2021-11-12,2021-11-12
269,Implied IJT Analyst Target Price: $160,https://www.nasdaq.com/articles/implied-ijt-analyst-target-price%3A-%24160-2021-11-12,2021-11-12
270,Implied SLYG Analyst Target Price: $107,https://www.nasdaq.com/articles/implied-slyg-analyst-target-price%3A-%24107-2021-11-12,2021-11-12
271,The Implied Analyst 12-Month Target For IETC,https://www.nasdaq.com/articles/the-implied-analyst-12-month-target-for-ietc-2021-11-12,2021-11-12
272,Taking Stock of Electronic Arts’ Risk Factors,https://www.nasdaq.com/articles/taking-stock-of-electronic-arts-risk-factors-2021-11-12,2021-11-12
273,New Strong Sell Stocks for November 12th,https://www.nasdaq.com/articles/new-strong-sell-stocks-for-november-12th-2021-11-12,2021-11-12
274,4 Prominent Stocks From the Prospering Trucking Industry,https://www.nasdaq.com/articles/4-prominent-stocks-from-the-prospering-trucking-industry-2021-11-12,2021-11-12
275,Why Earnings Season Could Be Great for TransDigm (TDG),https://www.nasdaq.com/articles/why-earnings-season-could-be-great-for-transdigm-tdg-2021-11-12,2021-11-12
276,Is a Surprise Coming for Sociedad Quimica (SQM) This Earnings Season?,https://www.nasdaq.com/articles/is-a-surprise-coming-for-sociedad-quimica-sqm-this-earnings-season-2021-11-12,2021-11-12
277,Should You Buy Diana Shipping (DSX) Ahead of Earnings?,https://www.nasdaq.com/articles/should-you-buy-diana-shipping-dsx-ahead-of-earnings-2021-11-12,2021-11-12
278,Factors to Note as Walmart (WMT) is Queued Up for Q3 Earnings,https://www.nasdaq.com/articles/factors-to-note-as-walmart-wmt-is-queued-up-for-q3-earnings-2021-11-12,2021-11-12
279,NVIDIA (NVDA) to Report Q3 Earnings: What's in the Offing?,https://www.nasdaq.com/articles/nvidia-nvda-to-report-q3-earnings%3A-whats-in-the-offing-2021-11-12,2021-11-12
280,Why Copa Holdings (CPA) Might Surprise This Earnings Season,https://www.nasdaq.com/articles/why-copa-holdings-cpa-might-surprise-this-earnings-season-2021-11-12,2021-11-12
281,"ArcelorMittal's (MT) Q3 Earnings Top Estimates, Sales Lag",https://www.nasdaq.com/articles/arcelormittals-mt-q3-earnings-top-estimates-sales-lag-2021-11-12,2021-11-12
282,Paysafe Limited Q3 Revenue Misses Estimates; Guidance Revised,https://www.nasdaq.com/articles/paysafe-limited-q3-revenue-misses-estimates-guidance-revised-2021-11-12,2021-11-12
283,Is a Surprise Coming for Sonos (SONO) This Earnings Season?,https://www.nasdaq.com/articles/is-a-surprise-coming-for-sonos-sono-this-earnings-season-2021-11-12,2021-11-12
284,Should You Buy Novozymes (NVZMY) Ahead of Earnings?,https://www.nasdaq.com/articles/should-you-buy-novozymes-nvzmy-ahead-of-earnings-2021-11-12,2021-11-12
285,Here's Why You Should Retain Edwards Lifesciences (EW) Stock,https://www.nasdaq.com/articles/heres-why-you-should-retain-edwards-lifesciences-ew-stock-2021-11-12,2021-11-12
286,Omnicell (OMCL) Inks New Deal to Manage Controlled Substances,https://www.nasdaq.com/articles/omnicell-omcl-inks-new-deal-to-manage-controlled-substances-2021-11-12,2021-11-12
287,Why Earnings Season Could Be Great for Macy's (M),https://www.nasdaq.com/articles/why-earnings-season-could-be-great-for-macys-m-2021-11-12,2021-11-12
288,Calix (CALX) Experience Score Helps Broadband Service Providers,https://www.nasdaq.com/articles/calix-calx-experience-score-helps-broadband-service-providers-2021-11-12,2021-11-12
289,Should You Buy Lowe's (LOW) Ahead of Earnings?,https://www.nasdaq.com/articles/should-you-buy-lowes-low-ahead-of-earnings-2021-11-12,2021-11-12
